text,aspect,label
improve your customer service and product availability,Customer service,0
functionality is great almost as in desktop version but mobile version needs a lot of improvement esp the speed,mobile version,0
but it keeps starting from zoomed in and then slowly zooming out as the music plays,zoomed,0
hey marilyn thanks for your answer the  type  certification is a document that can be shared with external parties for security assessment do you have a copy of the report we could explore,Security,1
delanovc zoom airtable notionhq calendly apple x lulu would be the most interesting if they ever expand their,apple,1
love the app but missing some features likes keeping a backlog of tasks,tasks,2
and secondly have some customer care assistance,customer care,0
and it says that while this is rendering you can duplicate the project in another dimension,rendering,1
this app is not,app,0
 notion is an equal opportunity organization and will not allow discrimination based upon age ethnicity ancestry gender national origin disability race size religion sexual orientation socioeconomic background or any other status prohibited by applicable law,organization,2
kashvireads notionhq  tip do not listen to anyone it is your thing kashvi you know it better than anyone never,listen,0
tried every which way to attach images in ipad pro,iPad,1
app has all sorts of random bugs on ipad keeps cancelling touches and actions the digital keyboard slows down so much that you effectively cannot type anymore,sorts,0
hi i added music to my video but once i adjusted the volume i can not hear it,volume,0
however you can cancel the plan to not get charged again,charged,0
super easy and fun to set up a simple database for my gardening ideas and notes,database,2
the charges you have added and the service quality is ruined,service quality,0
please return  leftright swipe to complete the task and prioritize task,swipe,1
some items of orders not delivered is not attended fast,delivered,0
a no symbol appears when i try to drag an image to it,drag,0
literally  to load the app and then another  syncing,app,0
i have got a similar database in my notion,database,2
could you check how many days left from my subs plan,plan?,1
appreciate you for sharing your ideas with us agree with your point about how it could be fantastic and beneficial for you to set up when copypasting text automatically recognizes x as inline text and xx as a new maths block,text,0
how do i know that you got my cancelation,cancel,0
notions is down all my notes is gone,notes,0
i downloaded the app twice and it did not start ,app,0
i think it is somewhat hidden under the layers,layers,1
great app but i wish there is an offline mode,"app,",0
it is all about task and project management,project,1
splash screen takes forever,Splash screen,0
so if you use both gmail and googlemail though th,gmail,1
you can save as many projects as you want the storage limit is for files you upload,save,1
ideal tool to plan organize and monitor my big re projects,big,1
it is loading fine,load,0
the edits does not show up after rendering,render,0
very needed features  view dependencies on mobile  create dependencies on mobile  custom fields in my tasks view  to sort tasks by two different fields at the same time  folder trees for projects  a task on top of another will make it a sub task  project wide notifications for anything done by other team members address the above and it‚Äôs  stars,project wide notifications,1
during its last upgrade this app deleted huge amounts of family data i had spent hours recording,recording,1
have raised complaint,Have raised complaint.,0
i can no longer swipe tasks complete in list view,list,1
actually there are many databases that will not load now,load,0
not recieving deliveries as ordered many of the times we need to follow up and escalate the missing orders there is no communication for missing deliveries,deliveries,0
cannot be configured in spanish,configured,0
add a new scene first and then add the  video to it,scene,1
when will russian language app translation be available for androidios,language,0
had the app installed for a few days only,app,0
at this time some features like importing resizing images draggingreordering columns are not available on our mobile apps,images,1
when i do to add text,text,1
i am unable to find the scroll bar between the scenes,scenes,1
is there any way to know before hand the exact timeline of a text so it is easier to simply adjust the duration of the videos or pictures dragged accordingly while dropping,text,1
can i refund the deducted money from my account,account?,1
the app is jampacked with features,app,2
today also vydid not get milk,milk,0
i decided to keep it where it is but would still like to know why that workspace was marked as private,workspace,1
a format for writing interactive notes with notionhq,notes,2
fruit bag was left on floor outside door instead of handle,Fruit bag,0
please improve on your messages or contacts,messages,0
top notch project manager,project,1
the teams told me that they are waiting to release a bug fix,bug,1
spotify by,Spotify,0
my question is that when we download our videodo it shows watermark,download,1
that means i can use a premium template and then export it without payment,template,0
but do you think you we can have a design with better user experience for offline you,offline,0
i love asana on web,web,2
i love being able to customize individual pages notes organization and honestly that is the killer feature of this app,app.,2
it‚Äôs very good solution but price in us dollar here in brazil,price,2
this app won‚Äôt let you sign in and use the app unless you allow them to have access to your contacts  ,sign in,0
and i will change to lifetime plan,lifetime,1
but i clearly paid for unlimited,paid,2
you can see from the attached screen shot,screen,1
timely delivery and quick response to queries,delivery,2
istock clips are images or videos,istock,1
many vegetables should be available even around   should include curry leaves as free for particular bill amount also add many grocery branded,curry leaves,0
when i start to create the video the images are zoomed without my wanting it,images,1
in the crop window you will be able to adjust the cropped frame,cropped,1
ar times you do not have any items and we have to buy iony a item of rs  and you charge  for delivery,delivery.,0
 do you mind sharing or anyplace,sharing,1
asana for android is a very rudimentary app unparalleled to the the old good asana webapp,webapp,0
shortages are a regular feature of the delivery,regular feature,0
educate and train delivery partner manners and good communication skills other wise users will move to other brands,delivery partner,0
still why it is trying to charge my card,charge,0
you can also visit and subscribe to our youtube,YouTube,1
will the russian language be,Russian,1
question  while creating a task how to i mention a section where it has to go,task,1
when i download the app i can not open it,app,0
your subscription has been cancelled card details have been removed and your account has been deleted effective immediately  you may logout to complete the process,account,1
notion is a great service,Notion,2
its basically the cost of an unlimited yearly plan but you get it for life and never have to pay a single penny again,plan,0
offline database for windows and android apps,Windows,0
please compare vegetables price with market price,market price,0
felt really overwhelmed today have loads of ideas for notionhq templates to help others i have made a plan to star,templates,1
a consistent frustration is that the only truly optimized workflow is through the web browser,workflow,1
 wrote please visit the stripe dashboard to update your billing information,billing,1
how to bring image front of all objects in scene,scene,1
there is no response for customer grievences,customer grievences,0
delivery at time hassle free order at night and get it early morning feels so good,"hassle free,",2
i use it every day and it has become my main help to organize my work,every day,1
once i got used to working with blocks and figured out the apps system of organizing data works i was able to start playing with the app successfully,app,2
please note that the notion api is in private beta,beta,2
i have used notion on my desktop so i wanted to try it out on my iphone however the app already does not open on my first time downloading it,app,0
sure its a bit expensive but the benefit is you pay only once  never again,expensive,0
too slow,Too,0
airtable wants to copy my contacts list as a condition to use the application during sign up,list,1
superb and free,free,2
hi i have just upgraded my plan but it is still showing the istock watermark on the clip,upgraded,1
it does not work on my phone,phone,0
please make ability to assign tasks to users through siri,assign,0
i am using the android web browser instead,android web browser,0
team to also have the option to select a range of scenes to download export,download,1
the bones are there to make a useful and fun task manager that i want to use but it needs the funk that trello has to really make me want to use it  ,task,1
the code element is not being displayed correctly the background color is the same as the page and the font is also standard,color,0
suggestion  add option for touch id on iphone and passcode on windowsmac before opening the app,Windows/Mac,0
also are you experiencing this when you edit or delete a certain text,text,1
i realy love how notion could done everything i have imagine but for me it is a little bit slow not as light as my other productivity app,app.,2
not only batch and banner notifications when a conversation or task is assigned,notifications,0
the detailed info section on my tasks have a grey background and white text only when viewing on my phone,tasks,1
offlate residents at my society have started hating supr due to your recent changes in delivery process,changes in,0
hello some of the music categories will not load,load.,0
your app is working slow some times their is no guarantee that i will get delivery of entire items on order,app,0
absolutely poor response time for customer grievances no provisions in the app for instant complain registering let alone the resolution total disconnect bet what is promised or provisioned in the app and on the ground delivery status,app,0
when i try to drag and drop from one page to another saved as favorite in the sidebar it moves for  second but then comes back to the first page,drag,0
i love the program but the most recent mobile update makes everything so much more difficult to see,mobile,0
the account settings menu is completely different on the desktop version i was confused by that choice,"desktop version,",1
it is regular and the milk is pure,regular,0
there is that many features and tabs to click into,many,1
start replying soon to the query and concern,Start replying soon,1
notion as a service is ,Notion,2
fresh install on ios   couldn‚Äôt create projects,iOS,1
asana is simply the best product for personal and work productivity,personal,2
how do i remove the music from a video draft,draft,1
missing the ability to sort by tags,sort,0
its giving an error in downloading both for my iphone and ipad,ipad.,0
i can not make it slide faster,slide,0
but as a mobile app i would love to see some widgets since opening the app,app,0
what is the best server for this program,server,2
custer care number never respond,Custer care,0
love the idea miss a widget a working clipper and more,clipper,0
best app ever,app,2
prices are very high,Prices,0
also pls make it have a format just like the ones in ipad and laptop android user ,#NAME?,0
you can downgrade from a paid plan by going to settings amp members in the lefthand sidebar menu in the desktop or web app then selecting plans and clicking downgrade,sidebar,1
heard great things however there is no android widget for notion which is very disappointing as i rely on a quick view layout for fast notes,Notion,0
one has to check with customer care and they are often clueless,customer care,0
well please do something on this app,app.,2
okay so this code is basically a discount of  for the upgraded plans,discount,1
great app overall although i can only search for task names but not within a task should be fixed,task,2
no trabajando con office y usando google docs,usando,1
and i need to edit just to download  quality,edit,1
notionhq is there anyway to automatically have reminders set vs having to do it manually for each task,reminders,1
best app ever,app,2
the concept is good but i hope there is  thing that available in this app its about export the data to another file like,file,0
my only issue is that i often have an issue logging in on the mobile app and it kicks me out a lot,app,0
sorry for bothering but can we have different music per section,music,1
abhilashbolla notionanswers notionhq notion office hours on youtube is great but if you have a specific query of,youtube,2
i want to know if my current plan is paid,paid,1
despite have all those bells and whistles the app is lacking a critical functionality selecting multiple row or blocks as they call them,blocks,0
but since i have started using the desktop version i am a fan again,"desktop version,",1
zaid apologies for the misunderstanding i agree that the payment options should be a little bit more straightforward,payment,0
it means i have to pay if i want to export an video with a premium template,pay,1
ive been using asana for  months for work and its perfect when it comes to practicality in teamwork from easy file forwarding and project description,project,1
by just removing sur charge on milk,Milk,0
if you can provide such a feature i can be a volunteer to translate it into chinese,translate,0
it takes forever to upload pictures,upload pictures,0
love being able to connect to my goals on the go,connect,1
but i paid  year contract by a mistake,paid,1
sapota was really bad,Sapota,0
how do i delete the logo template icon,template,1
iv created a dashboard type page for all my clients containing everything from proposals to invoices and,invoices,1
i do not know how to create blocks groupings and it seems like i can only move one thing at a time,groupings,0
efficiency  punctuality customer friendly service,"punctuality,",2
basically asana is top but would like better performance in the app because i cant work on the tablet via the browser i need to use the app,tablet,1
hides half of the projects,projects,1
give some offers on milk subscription to existing users also,offers on milk subscription,0
in accordance with local laws we are required to charge you tax if you do not have a valid number,local,1
only service charge has to be revised,service charge,0
the ease of ordering timely delivery and best part can use the vacation option when not homea suggestionshould increase the variety of products sold,delivery,2
its ridiculous to force users to share all their google contacts in order to log in,share,0
currently when i press enter at the end of a line in a block a new block is created,"block,",1
mobile app is slow to input text,text.,0
features access to  curated templates full access to image library full access to standard video library  istock images and videos free access to creator clubs premium templates all future updates,templates,2
the app is very customisable which is something that you would want in a personal organizer app,app.,2
had complained n number of times that i can not book extra milk,milk.,0
i am trying to signup but the confirmation email never arrives,"sign-up,",0
i wish they had different calendar views and layouts,Calendar views,1
quality needs improvement specially the fruits and veggies,veggies,0
it doesnt make any sense when companies make a mobile app with less features than the website and then they don‚Äôt make the website available on mobile safari,mobile,1
ease of ordering till  in the night,Ease of ordering,2
hi i have bought ltd from appsumo a while ago but now i am prompted for buying subscription,buy,1
can you please add an option to remove weekends on timeline,timeline,1
at the end of the video the sound become very low for no reason,sound,1
jesus christ the ui of the app is extremely good,app,2
basically the graph is a visualization of each page included in a specific workspace and it shows which pages are linked together,workspace,1
i still use my evernote because i do not think that notion does a good job of capturing information from other places as smoothly as evernote,Evernote,0
but i had to really pay attention to it and not doing other stuff as i always do doing those easy chores,pay,0
and on android it takes forever to load even though you have already logged in,"Android,",0
it is tough to remember to look at boring process docs stowed away in a google drive or kb,Google,1
good customer service and quality product required,quality product,0
best app for daily tasks notes and scheduling,scheduling.,2
notion apps in android cannot open and it takes longer time to open if can,Notion apps,0
am i going to get my money back,money back?,1
i am glad to know that you have successfully recovered your data chares let me know if you have further feedback or questions and i hope you are staying healthy and safe,data,0
 notion team notionso the allinone workspace for your notes tasks wikis and databases,workspace,2
prompt service good response,Prompt,2
the first company is running the h kealth workspace and using okta as a saml provider for sso and scim ,SCIM,1
most of the groceries will not be available however while adding to cart and making payments you accept the payments however at the time of delivery you will update stating the product is out of stock,groceries,0
want to increase your productivity,productivity,1
why is it that some videos will not workadd to a scene,scene?,0
delivery charge to be removed,Delivery charge,0
helps in completing tasks on time,TASKS,1
excellent tool for lovers of order and productivity without stress üòé,productivity,2
yes on a paid plan you get premium templates and media for free you can use that no problem ,plan,1
it is one of the best apps to use to organize your lists and schedule,apps,2
hi brandon how do i copy two scenes from the storyboard and add these to a new video,copy,1
however clicking the invoice preview i see you already have our vat number so i assume that vat will not be charged,invoice,1
i‚Äôm using asana to oversee two projects,projects,1
i want to buy lifetime account,lifetime,1
quality of fresh fruits  vegetables and expiry date of milk,vegetables,0
the latest version of the asana app eliminates the ability to swipe on tasks to modify their due date and category today upcoming later,swipe,0
i hope timeline could be accessible in the app as well,accessible,0
there is a new feature in my ultimate tasks notionhq template  cold tasks,Tasks,1
synchronization of tasks on iphone is improved,Synchronization,1
but also like everyone else ios  widgets please,widgets,0
i think the delivery of fruits and vegetables can be improved,fruits,0
work on customer support and offers,offers.,0
video resolution,Resolution:,1
mobile version is horrible,mobile version,0
how can i delete music and scene from the project ,music,1
hi julie have tried resetting on the windows app but no change,tried resetting,1
stop delivery charges,delivery charges,0
logged in but the mobile app only shows half of  page of my  or so pages created on the desktop web version,app,1
thanks for your help keith notion  open  watch video  keith corso  my calendar here founder  busright,calendar,1
it says it will email me when doneno error,email,0
hi i want to pay via paypal,pay,1
everything works except editing the description under configure base,configure,1
every time i press backspace on android it closes the keyboard,keyboard.,0
notion is an excellent platform and the web and desktop apps are great with many powerful features,desktop apps,2
so many times ur not able to deliver milk in a month also many times i complaint that ur delivery guy sometime deliver at door  sometime near watchmen cabin and coz of not on time many times milk has spoiled,milk,0
the mobile app is okay,mobile,0
even if the video contains istock videos and premium media,premium,1
hi there i can certainly complete that form but i was sending exemption info in response to an email received yesterday evening from  regarding beginning to charge sales tax,"form,",1
however it is keeping loading and cannot add any team members now,loading,0
they are all my uni notes and there are more,notes,2
after entering an article to edit the video with a voice over we have to split into separate scenes,"voice over,",1
airtable is great i use it in work and even in organizing the data of my sample collection for my master,organizing,1
 apple pencil support seen lots of people ask for this though not something i use or find essential at the,Pencil support,0
i freaking love this app,app.,2
powerful app  software,app,2
says i can use all paid templates,paid,1
would you mind sending over the workspace name or billing email address on file,workspace,1
i see your plan was not cancelled and  days was completed and so you were charged on  april for business yearly plan,plan,0
 you can upload your media from the storyboard screen edit scene modal or the advanced editing screen using the following process step  go to the media tab on the left panel,media,1
airtable is a great product through a browser on a desktop but it‚Äôs almost worthless as an app on your phone or ipad ,browser,2
love notion android is so slow it is not really usable for me,Android,0
is there any option we can add moving like a strip watermark in a project from right to left,project,1
good app  needs to add access to trash on mobile to add back items accidentally deleted etc,mobile,0
coursera notionhq lumahq typeform circle over slack because it is m,Slack,1
i love the desktop app,app.,2
i love this app  but the ipad experience seriously needs touchpadmouse support,app,0
i hope your team make this app more smooth on android like ios,Android,0
i need to cancel my account,account.,1
amazing flexibility and simple interface,interface!,2
im not able to login with my company email it kept askin me to input my google account and deleting device policy once its done its just showing authenticating with google but it never log in,email,0
this app looks promising but one of the main reasons i use an ipad is because of the ability to pinch and zoom allowing me to easily see things,app,0
wallet amount not credited so far,Wallet,0
a real lag loading pages seeing the spinner lots,loading,0
lots of customization options without being fiddly,customization options,0
hi i wanted to know if it is posible to have this beta api access to integration notion with jotform,API,1
apart from this i see there is a  file upload limit on the free plan,free,1
magic link should not be made as the only option to log in,log,0
for me it was the most intuitive interface collaboration tool for process management,collaboration,1
i understand that you would like to pay for your subscription and thanks for letting us know about this,pay,1
therefore besides milk i do not purchase anything else,milk,0
i ned to change the volume of the music i added,volume,1
service website ease vacation options,"website ease,",2
how can i know the status of my storage,storage?,0
hi i have voice overs i would like to import and sync with scenes,import,1
i am getting an login error stating that unable to login,login,0
please create widget based on the views ,views,0
if it is not in spanish i dont understand anything,Spanish,0
very good  only need to give insulated bag for the milk subscription,milk subscription.,0
on unlimited plan you get  istock media  remove background image and unlimited premium videos,iStock,1
in accordance with local laws we are required to charge you tax if you do not have a valid number,local,1
start with the free plan and then upgrade,upgrade?,1
i was using this app since a long time but after the new update yesterday its not operating on my phone and its asking to upgrade my version which is not available on my phone,app,0
i will point you towards a couple of tutorials we have for new customers such as yourselves as the tool does require some learning curve,tutorial,0
i had raised an issue of receipt of amul malai paneer at room temperature  deg c instead of at least below  deg cwhich has because the plastic wrapper becoming pluffyi did not open it but dispose itat least make sure that delivery of such items is effected in cold box like other sevice providers are practicing,Amul Malai paneer,0
as of the moment zendesk integration is not available in notion yet but i absolutely agree how it would be super useful and ideal to have this feature,integration,0
please work on feedback faster and do not send expireddamaged products,expired/damaged products,0
please advise on what steps to take next in order to restore my data,data,0
is it possible for you to modify our billing information so that the invoices generated would include the companys legal name and tax id code,invoices,1
gwynniem i started a cookbook section in my notionhq to paste just the recipes because i hate how cooking websi,paste,1
i have turned the volume off in a one of the videio,off,0
i love notion but the app has one big problem,"notion,",2
workshop create a notion workspace for emergency volunteer effortsdesign your workspace with me in notionhq and,workspace,1
follow this from a laptop desktop to cancel,cancel,1
at least for my moto g  android  it took so long to load the data compare to other to do list clickup and todo,Moto G 1st (Android,0
with the business plan  istock clips per month   premium media  video export a month  remove background credits  cloud storage,Storage,1
it says loading trimmer and then it says something went wrong,load,0
notion is great,Notion,2
if product availability,product availability,0
updated version of app not loading,app,0
notion makes organising everything so easy,Notion,2
add more products and brands,Add more products,0
fairly good but i have a complaint i always sort my tasks by due date but when i close and open the app again the tasks arent sorted by anything anymore,tasks,0
when i go to the app there are a bunch of loading icons,"app,",0
it does not schedule well the tasks that i wanted to be repeated twice a week,week,0
notion is open source app with blocks and pages,pages.,2
all i have to say is get the app,app.,2
i need support with billing,billing.,1
i just gave you my email,email,0
its a good app i was just really annoyed when it continually told me to leave a review every time i check something off the list,list,2
hello please can i cancel my subscription and get a refund as i have never used the platform,platform.,1
i have one request can you add feature to crop pic while uploading to file that could be very handy for making notes using pics,notes,0
i love this webapp really much but the mobile version does not even launch on my phone,mobile,2
but as a mobile app i would love to see some widgets since opening the app,widgets,0
but i do not want watermark and would choose the business plan,Business plan.,1
linear  notionhq integration would be a total killer,integration,1
easy to use and love the different project layout formats available,project,2
saradietschy notionhq milanoteapp after using trello and evernote for years i consolidated everything into notio,Trello,1
this app is just a web view,app,2
after a long time a got my ordered delivered,ordered delivered,0
the app is user friendly can help us get the products at ease,user friendly,2
amazing project management tool,project,2
drop daily delivery charges on milk subscription and daily deliveries,delivery charges,0
its cool how airtabel has managed to combine the properties of a database and the easy editing of excel,Excel,1
this app could be so powerful but there is almost no support for editing with an ipad keyboard which really limits its draw,app,0
name,#NAME?,0
ok how much time do i have to pay the invoice after may ,invoice,1
you can use the keyword intro to search for introoutro templates,search,1
i have been excited by reviews praising the features of notion as a notetaking knowledge organizer tool,Notion,2
i order milk and if i need to order bread with it,milk,0
i am using the code block in place of a text block so users have a straightforward area to fill out answers to a todo list i have created for them,block,1
by scene do you mean video,scene,1
apologeis drafts cannot be deleted,log,0
wave off delivery chargeson every  class naam bigad diaapne aap,"delivery charges,on",0
the online version is so much better than the app,online,2
hi zinith thank you for your quick reply,quick reply!,0
excellent featurerich nodetaking app,nodetaking app.,2
i am editing one scene another one which i am not editing is being affected,editing,1
when you cannot deliver milk please inform in advance so that we do not have to run for milk at the last minute,deliver milk,0
there should be prompt updates to customers on deliveries and or delays to customers make alternate plans,prompt updates,0
i want to fade from one music to another,fade,1
programmed obsolescence incentive to purchase we would have done well with your update,update,0
where can i see the counter of the istock credits used,istock,1
timely delivery and prompt customer service,customer service,2
i love that i can access information anytime anywhere and print professional looking spread sheets that are also attractive and engaging,also attractive,1
yes i keep deleting the logo place marker at the top right of the screen but it keeps reappearing,deleting,1
excellent database app loads of functionality for businesses we couldn‚Äôt do without it,database,2
full marks for desktop app,desktop app.,2
but we could have at least seen our notes without it even if we could not edit them,notes,0
we do not have quite the same drag function as excel or google sheets but you can do bulk edits for database properties,edit,0
new phone   time checked out air table has to be the easiest  simplest expense record ever,record,1
i love like how it has page numbers and the title on the bottom of every page,title,0
for example if you hit ‚Äúdates‚Äù and romaji,dates,0
security wise however have you plans to implement  authentication for user accounts,authentication,0
reporting technical glitch in invideo platform the fade out settings for editing music do not save ,editing,0
i have noticed that the keyboard will keep closing if you primarily use it on android for longer than  minutes at a time so i have to reopen the app a bunch,Android,0
for my current plan did not include premium videos,"plan,",1
ok how much time do i have to pay the invoice after may ,pay,1
i am hopeful you will improve the quality of the delivery,delivery.,0
and dragging items to the side to creat a new columns  resizing them,dragging,1
too slow when creating a new page on samsung galaxy ,Samsung Galaxy S8,0
if notion fixes the slow loading performance when you first start the app it would be  stars,Notion,2
actually you can find our full list of current partners and apply for the discount through this form,list,1
i got my notion devices from my homeowners policy and said to download app to install notion devices ,devices.,0
i am getting tired of waiting over  seconds for this app to load a simple database in note  with over  internet,app,2
really convenient easy to navigate app with groups,navigate,2
okay so this code is basically a discount of  for the upgraded plans,upgraded,1
i had absolutely no problems and am very happy with all your services till recently when inspite of requesting home delivery it is not being done,home delivery,0
the only feature that prevents me from totally migrating to this is lack of offline features,offline features.,0
no i see its a business yearly plan not an appsumo one do you have the last payment receipt by any chance,payment,1
good app but extremely slow loading,"app,",2
i also have a database with books i want to read and have read,database,1
delivery executives need to be trained well the products received are damaged most of time,Delivery,0
where‚Äôre the swipe from ‚Äúmy tasks‚Äù section,tasks,1
thanks for reaching out myroslav love to hear that you are interested in using notions enterprise plan for your company our enterprise plan is available on either a monthly or annual payment schedule,pay,1
that means it is near impossible to copypaste any more than one sentence or paragraph at a time and extremely frustrating to draft or migrate notes,more,0
cant post a new task,task,1
my url is which is the page that is missing my notes,notes,1
when you upgrade again re add your payment details,payment,1
niederlangen tax number,Tax,1
this app has helped me build my business from a small business with tons of excel spreadsheets to a highly organized linked and connected company,Excel,1
you have to wait  min till gets open,You,0
i wish it had an option to turn notes into offline mode so i can access my notes quickly and without connection,notes,0
is there a bug within the editor,editor?,1
the system is ok but the android app seems buggy slow not yet ready for professional work,Android App,0
whenever we launch it license to resell videos video resolution in  full access to all editing,1080p,2
i like it but it makes me something uncomfortable not being able to view the full text of tasks and projects in the form of a list because of the little space on the screen and that it is further reduced when the task fields are displayed or when you press an item to view the details,text,1
two consecutive days you could not supply us milk and bread,milk,0
faster delivery and nice qualities of products,qualities,2
final point on this would be that it would be good to control that on a per workspace setting as i have quicklinks to my different workspaces,workspace,1
but its  slow,slow..,0
i meant to post more yesterday have some more notes i will compile,notes,1
same as yesterday clash between video and background music,background,1
however the performance is very slow on the phone,slow,0
the app is powerful,App,2
love this app only complaint is that i can not switch to light mode anymore,"app,",0
i repeat users of asana for ios can no longer swipe to delete tasks you know that thing you can do in literally every other taskproject appswiping to delete might sound minor but it‚Äôs hugely important and somehow the geniuses at asana decided to remove it as a result it now takes a whopping five interactions to delete a single task i‚Äôm not even kidding i wish i were those interactions are tap to open task tap threedot menu button at top of screen scroll down because the ‚Äúdelete task‚Äù button is hidden below the bottom of the screen tap ‚Äúdelete task‚Äù when the ‚Äúare you sure‚Äù menu pops up tap ‚Äúyes‚Äù and exhale deeply the fact that there‚Äôs an ‚Äúare you sure‚Äù popup is just hilariously absurd it‚Äôs like the company is trying to be as annoying as humanly possible and waste as much of its users‚Äô time as it can if you read some of the other reviews you‚Äôll notice a trend the company doesn‚Äôt seem to understand the concept of minimizing taps people on mobile apps want accomplish things quickly without having to tap around the screen a million times doing that will literally cause carpal tunnel and rsi asana buries everything and hides things in a way that makes their mobile app unusableanother example say you‚Äôre looking at a list of tasks in the ios app‚Äîyou will have no idea which tasks contain subtasks there‚Äôs plenty of space on the screen for a small indicator showing the number of subtasks in a task just like they do on desktop but they choose not to include itthere are tons of other examples like this no idea who runs asana‚Äôs mobile product team or design team but they need to be replaced,Swiping,1
users have asked time and again allow the field sizes to be adjusted to fit more on the screen if and when required,screen,1
i downloaded this app after seeing so many advertisements and recommendations for it,app,0
this app helps me in managing my schedules anf priorities everyday,priorities,2
well i cropped it,crop,0
the  export limit is that only for videos which i would use your stock footage or is that for all videos that i would edit with invideo,edit,1
simply typing in the mobile ios app is nothing like typing in ios broadly,iOS,0
notion itself is a  platform however as you can see by other reviews this app has become the app that never loads,app,0
deliver on time and quality items,Deliver on time,0
uploading any pics and copy and pasting the text,copy,1
how do i find a text box from the panel,text,1
just writing up my  chilli growing notes when i thought there must be an easier way to document over  plants across three environments,plants,1
i have mail on my other device and i am looging in to other device,mail,0
to remove a member in your workspace you can go to settings  members in the lefthand sidebar then,workspace,1
max vibration when i am trying to drag blocks it is really unpleasant fix it,MAX,0
i‚Äôve been thinking of trying to write my own app to handle some business tasks since i couldn‚Äôt find anything that would really work well for me,tasks,1
i thought i had a free trial,free,1
btw i love this app,app.,2
it takes longer to open notion than it would to undelete all of geocities,takes longer,0
the app it‚Äôs not los ding properly for me and my team,team,0
too bad notion free plan is kind of limiting anyway still a great app,app.,0
n groceries,groceries.,0
he is my personal assistant innovative practice super ‚ù£Ô∏è,personal,0
hello i tried to upgrade my notion account with the free educational plan but when i try to change my email to associate my account with my educational email address i do not receive the mail with the access code in my educational mail,free,1
i love notion when using in a browser,Notion,2
you take money and confirm order for sugar and in the morning we drink milk and tea without sugar,sugar,0
to be clear did you grant complete access to someone with whom you shared your page,share,1
this note is good but the app is not good,app,2
stop charging delivery fee on the milk packets,milk,0
the new update makes asana unusable in ipad,update,0
when you claim that you will not charge any service charges from old customers like me then why a sum of  has been deducted out of my monthly subscription without my knowledge consent,service charges,0
i downloaded the app,app.,0
you charging surcharge for delivery which makes it expensuveno more its convinent,surcharge for delivery,0
i wanted to rate the app  stars later but after  reminder of rating the app i decided to go with  star,reminder,0
remove the delivery charges as relaxations are being given in the current situation,delivery charges,0
so i wish they gave us portfolio dashboards and other data reportingsummary tools in the app,portfolio,0
looks like icloud is not an option because you cant grab data from right,iCloud,0
and i can not open the app,app!,0
that is my main account team,account,1
web app  opera,Web,2
i love airtable but only the desktop version,desktop,2
after latest update  the app keeps crashing when entering linked record and drains battery as well,update,0
its not working on my phone stuck on the logo screen,phone,0
everything most importantly customer care service,customer care service,0
top database app,database,2
please so i can have a look into your project and check this for you,project,1
i want the text appear from the beginning to cover the existing text,text,1
need text formatting function as a block of code,text,1
brilliant app but really needs a dark mode for mobile,dark mode,0
hastle free services of milk fruits and vegetables,vegetables.,2
at the time service and product availability,service,0
take feed backs from customers about delivery time to time,customers,0
prompt regular dependable service,"Prompt,",2
extremely useful it helps to manage my daily class notes and study plans very well,daily class notes,2
this is great app but will not load on app android version but working fine in chrome mobile,app,0
better customer support,customer support,0
is there a quick way to impor notes from evernote to notion,evernote,2
after i export the draft can i go back to invideo and make changes to the original draft,draft,1
you might get such effects with our transitions between the scenes,scene,1
not compatible with windows ,Not,0
i deleted the app and redownloaded it but it still continued to crash,crash.,0
co fools customers in offers and very very bad in customer care,customer care,0
want a copy of the  type  certification checked the cx processes but unable to find the certificate did not provide public response what caused you to escalate the ticket,SOC2 Type,1
for some reasons it keeps saying download failed,download,0
so it basically is a filter for all the tasks in the organizaation that are assigned or owned by me,tasks,1
page is gone because i went to export,export,0
a specific database card does not suggest creating a new template for this database,template,0
i will tell you what i do not like payments made on your app takes a long time to reflect and renew subcription,app,0
they also throw the milk packets as a result i have received damaged packets with milk leaking,milk,0
 please fix tablet portait mode,TABLET PORTAIT MODE!,0
i am in love with notion but the app needs a little tweaking,app,2
high service fee,service fee.,0
i want to cancel my acct,cancel,1
the logo icon on the left side is picking up the logo but it is not being dislplayed in th evideo,logo,0
google web app,Google,2
get some more views on mobiletablet  get dark mode and we have a proper app ready to fully be the base for my life,mobile,0
within morning  products delivery,delivery..,0
but the android app is very very slow,android app,0
in time and  delivery,In time,2
up to date dynamic notion calendar icon notion notionhq productivity,calendar,2
better your delivery and customer service,customer service.,0
asana is a great concept for team management but overiteration has led to an inferior ui and platform overall,team,1
the flexibility and easytouse interface means you can make a workspacecatchall for anything your heart desires,interface,0
so i feel like i should get full refund,refund,1
i would like to ask why it is not optimized with samsung galaxy tab a,Samsung Galaxy Tab A?,0
very good app,app.,2
if you receive this email in error please delete and notify the sender,notify,0
we can not make new columns make two column in page to,two,0
on time delivery easy app payment method etc,"easy app,",2
this is the best note taking app i have ever used,app,2
it is the best app i use it to control my entire life,app,2
i have daily journal pages set up for the whole of the year  no judgement,journal,1
rates of chocolates brought to mrp after first purchase,chocolates,0
notion is awesome but the app is very slow,app,2
ok maybe i will try that and see how do i add the text,text,1
yes it has been charged i will cancel and refund,charged,1
did this coz just read how underrated the app is,app,2
x  persons with reseller discount please,"discount,",0
in the first slide volume too slow in the second slide its fine,slide,0
are often staleone of the milk pkts tornmost of the regular items out of stockis it a professional organization or a street vendor,milk,0
make all the grocery available lesser than mrp and normal offline market,Make,0
heard great things however there is no android widget for notion which is very disappointing as i rely on a quick view layout for fast notes,Notion,0
would be a safe bet to restore,restore.,1
best productivity app i have ever used but mobile version is slow and laggy even on midrange hardware,app,2
there is no trust because milk packet has one color delivered milk packet is other color i raised the same issue they are saying,milk,0
top notch recommended app,recommended,0
currently i am doing for youtube video and need to wait next month,youtube,1
could you refund the money it just charged on me,charged,0
i have not received my delivery ordered  days back,delivery,0
dont buy the premium version,BUY,1
i received emails every day after signing up for an account required to use the app pretending to be from various people ‚Äúbecky from airtable‚Äù but obviously automated all sent at  intervals from when i signed up,emails,1
also delivery charge to be removed,delivery charge,0
 ltr milk pcking was torn ,MILK,0
hi how do i change the timing of vo in the scene timeline it is showing as disabled,timeline;,1
good efficient regular,"Good,",2
i love notion on my mac but not on my mobile  can not copy more linesblocks  no offline mode  extremely long time to load please fix it,lines/blocks,2
for personal projects things is extremely friendlier,personal,1
no invideo branding or watermark  resolution custom font uploads make videos in any language,watermark,1
it is just slow if they could improve the ui and speed it up it would absolutely be gold,speed,0
if you can not find the api section in your workspace then you are likely not part of it,"workspace,",1
i assumed i was connected to the school internet as this edit was done in class,school,1
app is good no issues nothing  just the thing  i urge developers to add handwriting and notebook featire with templates it would be blessing,notebook,2
then locate the seeker in the timeline from where you want the audio to be added and add as vo from left panel,audio,1
in the screenshot of the speed test the upload speed is ,screen,1
good and professional,professional,2
the video is not loading in the trimmer part,trimmer,0
hello i have a projects database,Projects,1
the app is actually perfect,app,2
mariepoulin notionhq catmulvihill nice page do you have a template with projects  tasks ,projects,1
the mobile has bugs takes a long time to open sometimes have to force the app closed,app,0
best of the organizer app,app,2
but the payment from my bank account was placed ok and the money are gone so,account,1
what is diffrences between free plan and lifetime pro plan,lifetime,2
well if yo have uploaded or recorded the vo you will have to manually adjust into the scene so it will get synced to the text,text,1
with a coupon that a friend offered me,offered,1
i recently fell in love with your reminder function and i was wondering if it is possible that the remind,reminder,0
i ever asked to another support agent that remove background an be used every month,background,1
best productivity app i have ever used,app,2
not as fast as other options but considering the power and flexibility it is beyond worth it,power,0
really bad application,app,0
hi there i had some issues today with the video stuff i talked with brandon and hermangi i noticed that because of all the exports i lost some of the premium stock stuff but i always did the same video there were complications,exports,0
videos throughout there are  scenes music stops abruptly upon export at scene ,export,1
i do not have a laptop or computer anymore only an ipad,laptop,0
excellent in note taking and task management,note taking,2
overall one of the best note taking app,app,2
working on a ppt  first thing i googled was why ppt templates on notion,templates,1
delivery charges for one time delivery is too high making it not suitable for rarely used items,Delivery charges,0
please confirm by clicking the allow support access button which can be found under settings amp members  my account  support access,support,1
the new updates fix the previous problems,The,0
the bun bread was stale  expiry date was the same as delivery date,bun bread,0
i am using my android phone as my daily driver,Android phone,0
your service is great your mobile app is great but why have you opted out of asana for  macbook,mobile,2
by what is up msg n allowing to talk to you bcause ur app is absolutely useless,app,0
i use airtable everyday to track my expenses product sales pricing etc but this ios app is very limited,expenses,0
is there any additional info you can share with us to help verify,share,1
cant seem to create a new project on the mobile,mobile,1
you took up a subscription but forgot to cancel it and were thus charged,charged,0
vegitables and fruits are not good,Vegitables,0
no updates in  months after  complaints,months (after,0
we will never ask you for account information like your password or answers to security questions,password,0
hi i was trying to switch from evernote to notion by my friends recommendation,Evernote,1
regular deliverypayment via food card should be addedalso they should add more milk items like rabdi mozerella cheese etc,Regular,2
the service is good the,service,2
provide delivery on or before time,Provide,0
when i have split screen open with notion an another app,split screen,0
our free and public lecture series the premedics lectures is a novel approach to medical education of professional personnel,free,1
i have purchased fruits like watermelon and puppaya the quality is very poori did not expect you will supply like this,puppaya,0
but i switched to unlimited as the promo code was good for all plans,unlimited,1
as of now invideo is only available on desktop,desktop,0
service  the way you reach out to your customers and notify them regarding all your onground operational challenges,operational challenges.,2
so flexible in so many ways love the form feature the most,flexible,2
address the complaints as soon as possible,Address the complaints..,1
by providing delivery on time  without delivery charges,delivery charges,0
audio volume  still can not hear properly,audio,0
you can create a new workspace by clicking the name of your current workspace in the top lefthand corner to open the workspace switcher,Workspace,1
fixing a large formula in notionhq and having a hard time seeing particular functions,formula,2
service is prompt  but app is not customer friendly we can not interact ,app,0
they have everything you could possibly need for making the most organised efficient and visually pleasing notestimetablesto do lists and so on,notes/timetables/to,1
add quick login pinfingerprint functionality,pin/fingerprint,1
matenatica notionhq update i tried this and i think the easiest way for me is to copy it directly from goodnot,copy,1
this means that you do have a good stock of the products but are creating artificial scarcity of the products to earn extra,artificial scarcity,0
we have an api application request and guide for you to fill out the request successfully,API,1
the apple numbers app does everything this app does and much more but easier faster and free,free,2
my order not deliver though you were not paid,deliver,0
the business plan was not cancelled and hence you were getting the notification,notification,0
my  lt milk is not received yet booked on wednesday,milk,0
after a small glitch which the help desk sorted out super fast,sorted,1
i love airtable but the ipad apps is not complete with its features,iPad,0
sure give me your new email,email,1
easily payment can make,payment,1
syncs all my notes across devices,devices.,2
well nothing works for you guys pathetic service dishonest customer service falling apart app and very good in testing peoples temper all,"service,",2
i have to wait for  minutes to be able to use this app simply it just stuck on notion logo,"app,",2
we are a team of  and only one of us has access to the home page,team,1
easy to order and quiet deliverg,Easy,2
your plan is canceled and a refund for the charge initiated,refund,0
the best app for productivity,app,2
i do not want to use any template since i have already created the slides on powerpoint,template,1
keyboard hides the note field when typing into it,field,0
faced the same issue for four days no resolution ,no resolution,0
i will have a try to download the video one more time if there are still some problems i will let you know thanks for yor help,download,1
adelinethewong creating and sharing notionhq templates,sharing,1
please cancel my account and erase my details too after the refund,refund.,1
you can start off with a  day trial on either of the plans to test it out,plan,1
amazing app,app,2
i j ust wan t to purchse the temple so i can download the video only,video,1
i am experiencing difficulty in registering my complaint on the app when i call customer help line standard answers like there is no complaint registered and close the calllet some body call on this number and resolve our problem,"app,",0
databases take too long to load,Databases,0
genius app perfectly notepad simply database,"app,",2
small learning curve but an exceptional means to manage any project you can conceive,project,1
syncs all my notes across devices,notes,2
the app itself is great but the start up time is awfully frastrating,app,2
he says that he accidentally added a member to his workspace and it reverted the workspace to an old team workspace and he cannot anymore find the current workspace he is working on,workspace,1
if you create a free plan like this many people will use and it affect the quality and the speed of rending invideono wonder why i got problem while render and edit video,speed,0
i am missing notes  i do not remember all of them,notes,0
needs to integrate with outlook,integrate,0
it is a really powerful and featurerich app,app.,2
try to sale curd and chakka also,curd,0
since day  i m requesting to provide thermo bag but till date not received as a resultant most of the time milk are spoiled,milk,0
ok there were one in the top right one in the middle and one on the bottom left an a few below i deleted them to test its working fine,delete,0
will that work as a facebook cover  on mobile,mobile?,1
yes you can create videos on the free plan,plan.,1
if i place all the links into a table can you convert those all to embed,table,1
the app is very customisable which is something that you would want in a personal organizer app,app,2
no offers cashback promotions or product discounts while starting you given more discounts but now nothing watse,discounts,0
pls stop membership access for free delivery,membership access,0
at the first time i use my iphone to down notion app but now i would like to start on my computer,iPhone,2
the platform does not work it has been taking me off the web for days,off,0
notionhq hey guys i am having issues with latex equations showing up as invalid throughout my workspace that were,workspace,1
what happened is that i created a new workspace within my workspaces and by moving a page to this workspace it instantly disappear,"workspace,",1
 icon that appears to the left on hover and selects color to change the background color or by highlighting the text and clicking on the a to change the text color,color.,1
every change i made does not get saved,saved,0
i just checked it by downloading on my laptop,downloading,1
how can i know the status of my storage,storage?,0
after downloading the app i tried to sign up but i couldnt because asana is not available in my location sudan although sudan name has been lifted from the state sponsors of terrorism list,list,0
i will let you know later when i buy,buy,0
i also got a notification in payoneer,notification,0
great note taking app but we require complete offline mode like evernote,"app,",0
this is the best app i have come across,app,2
agile and accurate,Agile,0
really good and easy database program as is recommended,recommended,2
i have not a clue how this app works,app,0
no minimum order  zero delivery charges  also better customer care service with quick responses,delivery charges,0
have any opportunity  for first month not yearly plan,plan,0
the application is very good in case i would like asana to have a student plan,student,1
good products  good service,service,2
neat and clean business dealing,clean business,1
by supplying milk before ,milk,0
these notionhq advices for building a dashboard for maximum productivity are awesome whizoe,dashboard,2
i really appreciate your efforts,app,0
service is good but not reliable ,Service,2
love using air table for generating ideas copy and assigning media to posts articles tweets and more,Table,1
escalate to tier  is not a valid response  need to help the user restore the deleted page  what relevant information for resolution have you gathered,restore,0
how to edit a photo video,edit,1
can you stay with me until i apply the code,code,1
idea of notion the best workspace application ever,application,2
can you please try converting them to  and uploading,uploading,0
this app is perfect for productivity,productivity,2
asana is an essential part of my business,business,1
organise your tweets the way you want ,Organise,1
you cannot use paid templates on professional plan,templates,1
for example here the first column is a link between mois dexercice  exercices,column,1
please allow to zoom in images it will make the function a whole lot better,Please,0
but it would be better if ur app improves in the android version,app,0
after that i clicked one of my page which was listed in that list view and i found out that every contentstext in that page was gone for good,listed,1
my previous card expired i aded another one but the payment is not going through,pay,1
products availability delivery delivery time discounts offers,"discounts,",0
but i canceled it a week ago and was charged today or something,canceled,0
rxcelente only that they should increase the capacity at the time of uploading  videos today is nothing,uploading,0
unfortunately it is not possible to enter task start and finish dates,dates,0
for a free app it‚Äôs awesome,free,2
i found the url of the page is not working at the moment,url,0
unable to do anything besides create a task and add notes which can be done in hundreds of other apps,task,1
my experience of this app on my samsung tab  is horrible and is really unusable,app,0
 there is no offline use,offline use.,0
the interface is nice opening takes forever,interface,2
timely supply of items,supply of items.,2
if i refresh the screen will i loose the progress,screen,0
deliveries not done due to operational constraint,Deliveries,0
if you have a cheaper option for monthly payment in business let me know,cheaper,1
instead it shows the link to download,link,0
this app have potential to be my path to become a productive human,app,2
when i signed up a couple of friends warned me about the delivery issues frequent cases of delay or cancellation but i still signed up,delivery issues,0
does not work on desktop app,desktop,0
overall it is the best to do app i found,app,2
the first scene on the time line,SCENE,1
i can‚Äôt log in with my google account,log,0
you are on the business yearly plan,Plan,1
i think it is the best app that i use,app,2
extremely powerful functional and useful software that i use for everything on desktop,desktop.,2
yes you can cancel it anytime,cancel,1
you guys promise to deliver breakfast items and always fail consistentlydelivery not done or package is badly donemoreover heavy veg  fruits on top of milk packsyou need to packs thing neatly in plastic or carboard,heavy veg,0
however i did not know notion does not work offline on android,offline,0
 did not even know i was getting charged,charged,0
hoping in more features and in some customisable shortcuts to take quickly the notes without have to open all the time the app and looking for the page where to create the new note,app,2
communication only regret but no imorivement vegetables and fruits no return policy can recommend to buy only branded packed items,vegetables,0
right place delivery,Right place delivery,0
are you sure it will not get included when i export,export?,0
i do not trust your deliveries at all,deliveries,0
awesome,Awesome.,2
yes the page is still accessible via search and because i have it as a favourite,search,1
app is really great for all my bloglecture notes and everything,"blog,lecture",2
hello i did the requested left and logged in again and still i still can not download my project could you help me please,"project,",0
excellent task manager but big downside,big,2
shpigford considering this just happened to me while trying to log in to notionhq i am going to have to go with,log in,1
increase reliability of delivery and safety awareness of the delivery person make the product available i am unable to use super access to its value,safety awareness,0
no service charges and assured timely delivery,service charges,2
 if anyone is buying things less than  you charge them the delivery fees,delivery fees.,0
making charts should be available as part of tables,tables.,0
will these account have individual access in different email and password,account,1
a musthave for project collaboration,collaboration,1
no info in advance for non delivery and difficult to connect with you for any problem and charging unnecessary additional fees,delivery,0
but desktop version is awesome,desktop version,2
apparently when evernote limits you to two devices on a free plan they include signing in through a browser as we,free,2
very good tool for organizing jobs into groups,groups,2
firstly there is one most annoying thing that need to be sorted which is freezing as when you do a new notes it freezes and you can not click on other notes,"freezing,",0
prmpt and timely,timely.,2
a ecrit  you are always welcome terence and please drop us a line anytime if something comes up from notion,line,0
the app feels too cumbersome and limited compared to the usability of the website on computer,website,0
checked in admin mode that he has only one active workspace the other one is deleted as per team lead found a related task that might help what do you think the resolution should be,"workspace,",1
web version cool,Web version,0
you template,template,1
last week the subscription amount of  users was debited to my credit card and our subscription is still valid for  users who are what is necessary for the moment since then i have sent  messages through the website in the support option describing the whole fact and they do not return to me ,subscription,1
it will become as good as the desktop version soon,desktop version,2
cant delete notifications on electron mail ,notifications,1
replace the media in the scene again and export it please,scene,1
the institution sent me a link through this application to dictate my data is there a problem if i fill out the form,link,1
bug only in desktop app not in safari,Safari,0
i mean it feels unresponsive i think devs made some android port from ios i cannot be satisfied with the smoothness of the app,app.,0
stop charging service fees already your products are expensive,service fees,0
i even switched my keyboard from qwertz german to qwerty english uk for notion and davinci resolve,keyboard,0
i see you are on professional lifetime plan and you cannot use premium features and to use them you will have to upgrade to business or unlimited plan,premium,1
and you charge  rs as a delivery charge which is not acceptable,a delivery,0
always have the items which are included in your list available,items,0
ipad pro ,iPad,0
truly a lifechanging app,app.,2
hello please cancel my subscription and refund me,subscription,1
i have purchased fruits like watermelon and puppaya the quality is very poori did not expect you will supply like this,fruits,0
overall a very good platform which has most of the features i was after but the deal breaker for me was the inability to display recurring events individually on the calendar,calendar,0
very fine bestom best,Very,2
future paid features are added for free to you if you are a premium customer ,paid,1
but i prefer the desktop version because sometimes my notion app gets stuck on the logo screen and randomly logs me out and is way less functional but still love it,desktop version,2
notionhq it would be wounderful if all databases made by button template changes when i do changes on template itself,template,1
does not work on my phone,phone.,0
but i cancelled the  days trial i am sure ,trial,0
if it only had home screen widgets that would be amazing,"widgets,",0
the desktop app is the best thing i have ever used for college,app,2
please bring back swipe actions on the my tasks screen,swipe,0
speed has increased,Speed,0
the mac app is slow and the android os still loading while i write this review,Mac app,0
poco se habla de la mejora de rendimiento de notionhq desde el viernessabado lei a uno de sus ingenieros en tw,rendimiento,1
select the video on the scene and click on trim,trim,1
if you‚Äôre using an ipad and sign into airtable with your google account don‚Äôt waste your time  sign in doesn‚Äôt work,sign in,1
please make sure that delivery daily,delivery,0
please provide us a feature to see notes as we create or update them without going into the specific notebooks,notebooks,0
collect delivery charge on the basis of number of occasion and not per item,delivery charge,0
downloaded now,downloaded,1
failed to create subscription please check the card details and try again,card,1
the curd i ordered twice was expired,curd,0
i would like to cancel my free trial however there does not seem to be a button for that,button,1
hi may i know the difference if i upgrade to unlimited plan,upgrade,1
really useful app when it finally loads and opens,"app,",2
this app is great for managing journals todo tasks habits notes bookmarks all in one,"habits,",2
my only major problem is how slow the application is both on mobile and desktop,application,0
business plan is for  or ,plan,1
i have run into some real trouble having made changes and deletions to a linked data base withouut realizing it and have seem to have instantly ruined the planning and tracking of about  people on my team,data,1
please use invideo from computerlaptop,laptop,1
it is super useful for our small  people team,team,2
app start are too slow,App,0
keep goin with update and surprise us with the great apps of yours,apps,2
and want to change into korean,Korean,1
i hope you guys can make it more lighter for android users like me who has  of ram,android users,0
information regarding cancelling product or delay in delivery,product,0
can you fix the voice over at scene   mark on id please,scene,1
prices are high comparing market and vegetables are not good quality,Prices,0
one of the best apps that i have used in quite sometime now,app,2
but looking through the built in templates gave me a really thorough idea of what notion can do,Notion,2
for the scene just click it and click on the trash icon that comes above it,scene,1
your organization must not be  a hospital organization involved with health insurance or group health plans or a related organization i agree to these terms and conditions  are you interested in the monthly or annual team plan,Annual,1
i love hopefully put more free stuff really thank you,free,2
notion is literally a dream come true for anybody that needs a structured and organized filing system,Notion,0
what would really take it to the next level though would be adding a notes option for ipad and creating widgets for both ipados and ios,widgets,0
youtubecreators currently planning out all my content ideas on notionhq,planning,1
app not working properly customer support needs human touch,customer support,0
 notionhq template,Template,2
increase product range and price competitiveness,price competitiveness.,0
listen to complaints and try to rectify,Listen to complaints,0
good app but every time i open it it takes  seconds to load,load.,2
next i wish there was a way to input a handwritten notes does not have to be a full fledged feature like onenote just the ability to sketch diagramsnotes and input it alongside typed notes would be massive change,typed notes,1
i see so does that turn off the music for just that scene,music,1
hi how do i change the timing of vo in the scene timeline it is showing as disabled,scene,1
but now i am at a point where i need to find a way to move a huge content archive from dropbox over to notion so our growing team will have access to it in the future,archive,1
please refresh the page and check the last exported video once its is processed,export,1
it is an inline gallery view not under a toggle and the bug usually happens when the card is medium size,toggle),0
prompt and scheduled supply,Prompt,2
seems ok so far but no widgets,widgets,0
my ios app defaults to list view and incomplete tasks no matter how many times i change it to board and all tasks,Board,1
so no new bills coming anymore,bills,0
 team goals  notionhq template,Template,1
you can not degroup it but you need to click on the text inside for it to be editable if its small increase the text box size a bit so you are able to click in the right place,text,1
i did extensive research and asana seemed to be the best resource for my companies needs however it is not syncing from mobile to desktop and vice versa,syncing,0
can you put me on to a trial for business plan,business plan.,1
please add a dark theme and subtasks indicator,subtasks,0
here is a tip maybe you guys could consider to improve the efficiency of workflow which is to quickly add a webpage link or snapshot to the notes through chrome or edge plugins,"workflow,",1
i complaint of curdly milk supply on  and not received coffee sample on ,milk,0
one star away from becoming best note taking app,note taking app.,2
actually what i was looking for‚Äî todos to check off without kanban doens but kanban where its good sync over my devices,sync,0
does asana going to dark mode theme,dark mode theme,0
apologies i see there is only  scene in the video,scene,1
really annoying if you only use ios,iOS,0
your delivery guy is not delivering milk packet at door step in the cool bag,delivery guy,0
the best taking note app i have ever used,note app,2
request to add or change an email domain for saml single signon on workspace ,workspace,1
this app has been very helpful in helping me to organize and prioritize my tasks,prioritize,1
it does not allow editing in list format you need to click on each record and a form opens,list,1
hi i have a notebook containing  notes in my evernote i want to import all those notes to notion but when the import task finished only the latest  notes were imported,notebook,1
please note that i am not hooked on to your app to check the status of delivery,delivery.,0
so user friendly and aesthetically pleasing,user friendly,2
dulanisunny telangamol notionhq aliabdaal have not watched any youtube videos about notion yet,youtube,1
notionhq notion will not load for me in safari  macos catalina,Safari,0
you guys promise to deliver breakfast items and always fail consistentlydelivery not done or package is badly donemoreover heavy veg  fruits on top of milk packsyou need to packs thing neatly in plastic or carboard,consistently.delivery,0
poor service service fees too high and irrational behaviour by customer service,customer service,0
name,#NAME?,0
for all new projects you can upload the logo in the brand presets,logo,1
not to miss the customer service is just fabulous,the customer,0
recently downloaded and the free tools and integration are awesome,free,2
hey notionhq can you please make the text line next to a disclosure triangle also please unwrap the content,text,1
completely unhappy with the inability to delete my account,account,1
prices of groceries are very high compared to others,Prices,0
improve your delivery service,delivery service,0
the onlinedesktop view of this platform is amazing,online,2
you stopped your service at a short notice without giving a valid reason,service,0
how can i see the names of headers when using gallery view in a notion page within the sidebar,sidebar?,1
with the lifetime unlimited premium plan you can get  unlimited videos exportsmonth unlimited premium videosmonth,Unlimited,2
service and quality of the products,quality,0
notion is such an amazing app and site i have not taken advantage of all the features,app,2
reliability and prompt clear and transparent communication in case of delivery failure,Reliability,2
the greatest note taking app i use it on my laptop,"app,",2
i see the count for remove the background is exhausted,remove,1
best notetaking app i have used,notetaking app,2
remove delivery charges or minimise to  like bbdaily,delivery charges,0
can you add flashing color banners to create alerts for example a logistic chart on the app and on your website,chart,1
thx for the wednesday upload,upload,1
the most recent problem is where the table pages will not even display the tables and because i use these tables so often it infuriates me even more,table pages,0
stop charging delivery fee,delivery fee,0
and add  to my text,text,1
i have been using it every day since  i have tried others but certainly this is the best,every day,2
no customer care and app is not active,app,0
even when i delete it it appears in the download,download?,0
 m    linkedin profile,file,1
the keyboard is left open the submit button is hidden by it there is no way to scroll,button,0
it was not until i reset my wifi and switched to online mode for notion that the text suddenly disappeared,reset,0
helped me organize everything i need,organize,2
more of varietyprompt delivery and good quality,quality,2
yes so we have an option to pay either via paypal or card whatever suits you best for which i can share a link on chat,"card,",1
how do i make the monthly payment of invideo my tryal expires tomorrow,payment,1
that way the price will be reduced accordingly at the end of the trial,trial,1
hi i just uploaded a video i made to youtube and there was a copyright claim on the music from your music library,YouTube,1
this app can do everything you would hope for and more,app,2
the best app ever,app,2
timely service,Timely,2
project planning,Project,1
does it affect the existing uploaded files in any way if i downgrade,files,1
how well is our data protected in this team plan,data,1
hi i have just upgraded my plan but it is still showing the istock watermark on the clip,upgrade,1
it takes forever to open the app,app,2
do not deduct money from my account without my knowledge,deduct money from my account,0
im looking for the heading where i can find deleted items,deleted,1
aprilynnea notionhq nothing to share as a tip now but learn it from the start,share,1
the only option to log in into app for the first time with an existing account is to ‚Äúsend a magic link to email to avoid password‚Äù,log,0
unlimited videos exportsmonth unlimited premium videosmonth,Unlimited,2
airtable is great but i wish desktop features like airtable apps calendar view and forms were available on ios and ipados,view,1
i have an iphone  and i am constantly having to turn my phone sideways to click things or delete things,iPhone 11,1
i have used notion on my desktop so i wanted to try it out on my iphone however the app already does not open on my first time downloading it,desktop,0
daily without fail delivery before  am and vacation facilities,delivery,0
however it still does not compare to the desktop version as the notetaking interface is still lacking,interface,0
the images show three tasks with no relations to  or ,projects],0
airtable on ios is very very limited,iOS,0
sometimes when you drag and drop a video there is a suggestion advising to make it fits the exact length of the text sometime you have to guess,drag and drop,1
i see now the  is not a really good deal,good deal.,0
 all the paid templates would be free to use,free,1
very flexible and fast,flexible,0
delivery time and cancellation at any time,Delivery,2
may i know what is the file type and size you are uploading,uploading,1
i would like the developers to add support for gdscript programming language code block and mind maps,Gdscript programming language,1
we have been using asana extensively to manage both tasks and communication throughout all branches of the company,communication,1
so i have a question regarding editing for youtube vidoes,youtube,1
the sans serif font is roboto which may make easier your job because it is default typeface,roboto,0
good and prompt service,prompt service,2
early morning and quick respone and your milk supply boys are also sincere,respone,2
i had a subscription for eggs for a week,eggs,0
hey guys can you help me please with some questions about embding files from different google tools in notion,file,0
im not being able to access it from my cell phone,cell phone,1
therefore besides milk i do not purchase anything else,milk,0
when i choose a genre of music no songs show up,songs,0
but as the very first time the number of my vatid is shortened by one digit,first time,1
timely delivery,delivery.,2
i see you were on business monthly plan but it was cancelled,plan,1
you all know how to build a project management software that really optimized workflows and streamlines communication,streamlines communication,1
i do not remember old password,password,0
your delivery guys does not give the delivery at door step,delivery guys,0
after being able to sign in with apple i immediately enjoyed using airtable to put my game and movie collections and some other ideas i thought of because of how flexible airtable is,Sign In,1
how do i remove all logos from the side bar,logos,1
improve support and delivery on time and correct quantity,correct quantity,0
plz work on the prices offered on fruits and vegetables,prices,0
if you look at my pinterest pin you will see what i mean with the black screen at the start,pinterest,0
i found past versions of my class notes from the page i copied and pasted from before i split my class notes into the three sub pages which such as topic  operations but i do not have access to it because my account only allows to restore versions within  days and it now requires me to pay  just to receive my notes back,pay,1
hello i recently purchased the business plan with a  off promo code for the year,purchased,1
my only problem is that i can not even open this app because i always stuck in the notion logo for a really long time ,app,0
you could have two workspaces one for khealth and the other for hydrogenhealth where they both have saml configurations for their respective domains and any pages that need to be shared,SAML,1
i want to define a calculation expression in a column even in ios app,iOS,0
slowly adding useful features but still gimped,Slowly,0
is too slow to load,slow to load,0
free plans do not even have watermarks,watermarks,0
the option to put a layer ahead or below is not appearing,layer,0
prompt delivery and nice bag,delivery,2
so there is images with editable text,image,1
excellent app for note taking and cross platform usability,note,2
i take all my notes in this app use it for scheduling things,"app,",2
i agree that this is an overwhelming app at first but stick with it,app,2
expected a polished product but have bugs,bugs,0
its free are enough at least for meit have amazing template collection so that you do not have to create yourself,template,0
app is great for laptops but not for androids,App,2
good products but more items to be added and last order should be allowed till  of clock night,products,2
i even ran a video that added even more levels of complexity but not an option for font sizing,complexity,0
i wrote in earlier about a problem i was having with a message the app was giving about waiting for the assets to load,load.,0
really need all views in ios app üò©,iOS,0
please offer your services as promised,services,2
please do not disclose the deal and price anywhere as it is a custom deal and we will not be able to accommodate others on it,price,0
really missing the opportunity to switch between two or more accounts,accounts,0
try updating the delivery status in advance n promptly make the necessary changes upfront you have been updating the delivery status as delivered even when you have not i had to dispute it for you change it,delivery status,0
since the last update the application does not open,update,0
the asana ios app has improved significantly,iOS,0
although notion itself is brilliant the android app is slow buggy broken and completely unusable offline,android app,0
i think notion is quite good,notion,2
can we generate video for facebook ads facebook story ads instagram video ads,"ads,",1
if you are getting an error then try another card that is the only way you can take a trial,card,1
i new to video editing i am interested in the business plan for editing,"editing,",1
on my iphone when i go to highlight more than one block of text the page starts to scroll endlessly to the end of the page without highlighting the full block,the,1
not native to android or windows  site also not so great no horizantal scrolling for kanban inline then how can i use the feature,"windows,",0
would love to see them improve syncing between devices before more new features,devices,0
evernote never had this problem,Evernote,0
and i clicked upgraded to business yearly,Yearly,1
but everytime i add guests they are beins trasnformed into members of the workspace,add guests,1
we chose not to use the tool and are now trying to cancel within the  day free trial,trial,1
colors we can change are too less,Colors,1
could you please help me change the email address of my account,email,1
how do i remove the music from a video draft,music,1
during covid lockdown you proved youself as a disaster totally undependable,"you proved youself as a disaster,",0
and dark mode is not exactly dark,Dark Mode,0
perfect for managing my activities and organizing projects,projects,1
what if i use ten  sec only videos in one project means i can not use istock again this month am i right,iStock,1
the web app has seriously changed the way i organise myself and hands down knocks out all the competition such as evernote and one note but the notion app is a little clunky to navigate,web app,2
how can i embed an image from a link in a gallery template,image,1
i have requested for super daily bag multiple times but have not got yet,bag,0
you can try it out on the trial if you like it you can continue or you can cancel at the end of the trial,trial,1
i miss the german language,German,0
help me with the project,project,1
service by all means to be improved,Service,0
the quality of fruits was pathetic and it was the main reason i stopped ordering from supr,fruits,0
no proper response to our queries,No proper response,0
give proper solution for problems and supply good quality items,quality,0
organise everything into one hub ,Organise everything,2
excellent digital calendar app,calendar,2
no deleting has not been changed ill have a look,deleting,0
twofactor identification is broken in the app  i enter my code and can‚Äôt get the keypad to disappear to advance through into my account,broken,0
that scrolling option is not showing,scrolling,0
the best way to be notified is via my youtube  as,YouTube,1
stunning user interface and a variety of options to easily collaborate with your team,interface,0
we are going to take notes about the events and shar,notes,1
i use super daily only for milk nd other oavked groceries,daily,0
so many cancelled orders plus the booking of milk n curd is wrong had to pin point missing curd last month do not act like a street vendor,curd,0
and is there a way to cancel my payment even if i pay a fee,pay,1
i run an entire small business customer management database off airtable,database,1
for the free personal plan you can only upload files up to  each not total,file,1
provide reset password instructions,reset,1
happy to answer any questions that you may have about security,security,1
it is goodbut some times i can not get which i wantslike milk bread etcit available after two days or,milk,0
third thing is enabling more editing on the text like using toggle and numbered list and changing font size and others at the same moment,editing,1
is it possible to create a keyboard shortcut for lockingunlocking a page,shortcut,0
can you help me find more public knowledge bases and support sites made with notionhq,Support,1
food quality and price,Food quality,0
almost perfect in organising and sharing notes,sharing notes.,2
yes you can add sound effect sfx from left panel and add it as a background music you can also upload your own sound effects and add it,music,1
absolutely love this app however it is uses on mobile are limited compared to a full desktop experience which i usually use,"app,",2
i want to  all in one control unit,list,1
next question in the business plan wht does it mean istock clips,"business plan,",1
products and timely delivery,delivery,2
if you start a subscription through the appstore i assume that one can also cancel it in the app store but if you start a subscription from the web app it is difficult to stop it on mobile,subscription,0
i will mention the reset app and clear local data to some desktop users,Data,0
notion has it all i have my tasks lists sprint planning shared lists docs general notes all in one place,"general notes,",2
the error might be because of the limit which invideo has to upload videos on youtube,youtube,1
but according to my plan i have  of storage,plan,1
for the last scene of the project i want to add the badges or logos of various media like youtube fb spotify apple podcast etc,media,1
i even switched my keyboard from qwertz german to qwerty english uk for notion and davinci resolve,English,0
best soft for remote team management,remote team,1
this is the most productive and usefull app on the appstore please please please change the icon of the app and create a new one,app,0
i love the app in pc works very well but the recent update in mobile app make it way too,app,2
in a database where i have multiple views enabled sometimes the app just refuses to load a particular view or do anything in that view,views,0
the mere act of opening the notionhq tab makes me feel like a productive person,opening,0
i have shared it to web now and added the link here,web,1
why the members who regularly buy milk has to pay service charge,service charge.,0
best feature rich productivity app ever,app,2
